CustomerID,Channel,CampaignID,EngagementScore,Conversion,Spend,Date
1,Social Media,7,51,0,36.14194125647218,2024-01-01
2,Email,16,61,1,17.160326135700362,2024-01-02
3,Ads,4,33,1,9.980908082299006,2024-01-03
4,Email,17,98,0,13.45504662609463,2024-01-04
5,Email,19,45,0,26.484178655040854,2024-01-05
6,Ads,8,26,1,12.426467778251133,2024-01-06
7,Email,19,20,0,17.192486223716685,2024-01-07
8,Ads,20,23,0,7.104223326397095,2024-01-08
9,Social Media,5,98,1,33.406422362087795,2024-01-09
10,Ads,4,91,1,36.08880711143938,2024-01-10
11,Ads,13,20,0,15.361815556860666,2024-01-11
12,Email,13,12,0,31.451404045668337,2024-01-12
13,Email,4,77,0,10.043605638254766,2024-01-13
14,Ads,13,52,1,44.245543110777454,2024-01-14
15,Ads,16,24,1,49.04001733245232,2024-01-15
16,Ads,18,61,1,38.525098452701826,2024-01-16
17,Social Media,20,87,1,42.06870851734132,2024-01-17
18,Email,11,79,1,26.969364428123203,2024-01-18
19,Social Media,19,86,0,35.447165292609405,2024-01-19
20,Email,11,82,1,24.264648331442075,2024-01-20
21,Ads,5,76,0,38.260818808668226,2024-01-21
22,Social Media,17,54,1,44.50657914736406,2024-01-22
23,Social Media,9,39,1,17.97315223671164,2024-01-23
24,Ads,1,15,1,13.522454899492713,2024-01-24
25,Social Media,17,45,1,29.807488073463006,2024-01-25
26,Social Media,13,29,1,33.67968113331479,2024-01-26
27,Email,1,72,0,23.458420055669567,2024-01-27
28,Email,5,62,1,49.22467094238772,2024-01-28
29,Social Media,2,42,1,39.25791119026185,2024-01-29
30,Email,13,65,1,29.12507386780625,2024-01-30
31,Email,12,22,1,21.694680877217184,2024-01-31
32,Ads,18,94,0,23.10390322256741,2024-02-01
33,Email,9,70,1,38.392883910790886,2024-02-02
34,Ads,11,23,0,15.581695515273283,2024-02-03
35,Email,1,82,0,6.246071111983791,2024-02-04
36,Social Media,5,46,1,46.82662646113005,2024-02-05
37,Email,19,37,0,28.2097001410392,2024-02-06
38,Email,10,95,0,37.44650250747409,2024-02-07
39,Email,2,81,0,39.32393362281158,2024-02-08
40,Email,4,41,0,48.33824174420239,2024-02-09
41,Ads,10,19,1,49.016825588893504,2024-02-10
42,Email,18,9,0,14.516643252683485,2024-02-11
43,Email,18,83,0,48.70090844780594,2024-02-12
44,Ads,7,37,0,36.54307451732194,2024-02-13
45,Email,13,1,0,37.82960384747046,2024-02-14
46,Ads,20,66,1,24.863391290593018,2024-02-15
47,Social Media,5,17,1,20.457957525481625,2024-02-16
48,Social Media,11,54,1,17.241039743651307,2024-02-17
49,Email,13,78,1,14.52935996159915,2024-02-18
50,Email,2,17,0,6.720986721396602,2024-02-19
51,Email,13,16,1,41.23675798034813,2024-02-20
52,Social Media,19,30,0,21.272693132912558,2024-02-21
53,Email,11,67,1,8.5565441891586,2024-02-22
54,Ads,7,48,1,27.7515990292224,2024-02-23
55,Ads,9,99,1,25.598497516156446,2024-02-24
56,Social Media,13,91,0,20.568631548853194,2024-02-25
57,Ads,17,64,0,6.397984990655194,2024-02-26
58,Social Media,13,90,1,7.138281500099483,2024-02-27
59,Ads,20,70,1,35.21120478139562,2024-02-28
60,Ads,4,55,1,10.893334603385187,2024-02-29
61,Email,1,8,0,18.427619830223616,2024-03-01
62,Social Media,14,85,1,46.431695780560865,2024-03-02
63,Social Media,17,28,0,26.526296071193155,2024-03-03
64,Email,5,82,1,7.407428769278513,2024-03-04
65,Social Media,9,80,0,5.170718959268229,2024-03-05
66,Ads,4,49,1,31.578453401804193,2024-03-06
67,Ads,12,68,1,32.309478473016796,2024-03-07
68,Email,6,14,0,47.136924510122704,2024-03-08
69,Email,16,56,0,7.341953157382675,2024-03-09
70,Email,18,26,1,14.654435685053047,2024-03-10
71,Social Media,7,37,0,41.38129218269992,2024-03-11
72,Ads,20,35,1,23.13954845391728,2024-03-12
73,Email,16,1,1,12.02110171214431,2024-03-13
74,Ads,17,94,0,45.51041771700256,2024-03-14
75,Ads,10,20,0,11.942442548516077,2024-03-15
76,Ads,16,90,0,21.6286444518007,2024-03-16
77,Email,18,5,1,49.10703330426332,2024-03-17
78,Ads,8,79,1,45.530105373832434,2024-03-18
79,Social Media,12,42,1,5.013715805296426,2024-03-19
80,Email,3,61,1,12.8229901779609,2024-03-20
81,Ads,3,80,1,15.660564928998612,2024-03-21
82,Email,13,65,0,14.657121507497823,2024-03-22
83,Email,10,95,0,48.757517395038846,2024-03-23
84,Email,11,40,0,32.14894063220579,2024-03-24
85,Email,13,87,0,47.9637900590372,2024-03-25
86,Social Media,3,58,1,15.3642335276546,2024-03-26
87,Ads,18,41,0,10.997504307532273,2024-03-27
88,Email,4,70,1,41.85658733528458,2024-03-28
89,Email,20,53,1,15.172825833974716,2024-03-29
90,Email,8,67,1,35.72803432023952,2024-03-30
91,Email,1,60,1,10.336390685473344,2024-03-31
92,Social Media,20,82,0,17.660770273723173,2024-04-01
93,Email,17,57,0,19.569141501081184,2024-04-02
94,Social Media,5,25,0,11.14400948793474,2024-04-03
95,Ads,11,99,0,46.66509512234462,2024-04-04
96,Social Media,3,38,0,17.597749515448974,2024-04-05
97,Email,8,90,0,26.368838932956947,2024-04-06
98,Ads,7,60,0,24.087220350394418,2024-04-07
99,Email,16,92,1,7.440664452950268,2024-04-08
100,Email,16,38,1,19.69318438859245,2024-04-09
101,Social Media,2,90,0,8.46582735122321,2024-04-10
102,Social Media,12,6,1,26.48449209649158,2024-04-11
103,Ads,15,8,1,7.7072712821297085,2024-04-12
104,Social Media,15,1,0,10.074026253093272,2024-04-13
105,Social Media,5,54,1,24.180065918881205,2024-04-14
106,Email,16,48,0,43.3714430266338,2024-04-15
107,Email,18,9,0,8.052748745620594,2024-04-16
108,Email,2,23,0,8.272276769937092,2024-04-17
109,Ads,12,15,1,47.71279814869431,2024-04-18
110,Social Media,11,1,0,32.100062822727466,2024-04-19
111,Email,18,72,0,40.1470463777691,2024-04-20
112,Social Media,17,48,1,40.803155130299814,2024-04-21
113,Social Media,17,7,1,45.153852106964216,2024-04-22
114,Social Media,6,9,0,14.178069635928239,2024-04-23
115,Email,16,13,0,39.39544417008404,2024-04-24
116,Ads,13,54,0,10.021531831813089,2024-04-25
117,Ads,15,97,1,12.512325224841224,2024-04-26
118,Social Media,8,50,1,36.6686470511274,2024-04-27
119,Social Media,13,47,1,14.558139321782813,2024-04-28
120,Email,11,16,1,30.171047393707006,2024-04-29
121,Ads,6,58,0,35.59151384607118,2024-04-30
122,Ads,6,2,1,15.958740022468024,2024-05-01
123,Ads,19,24,0,46.80291326251659,2024-05-02
124,Email,9,83,1,38.658374642227564,2024-05-03
125,Email,11,65,0,45.7806296526791,2024-05-04
126,Ads,9,31,0,28.08820062821772,2024-05-05
127,Email,18,12,1,9.580616924865277,2024-05-06
128,Email,5,87,0,17.230932142151453,2024-05-07
129,Social Media,2,96,0,24.99642683596865,2024-05-08
130,Email,10,22,0,43.69780091980581,2024-05-09
131,Social Media,18,49,0,48.65604060590251,2024-05-10
132,Ads,12,17,1,17.44115314778979,2024-05-11
133,Ads,6,78,0,30.124166537010012,2024-05-12
134,Ads,15,67,1,42.24030365361105,2024-05-13
135,Ads,10,15,0,39.704351140580876,2024-05-14
136,Social Media,2,76,0,41.0122378903431,2024-05-15
137,Ads,17,18,1,17.175105081260824,2024-05-16
138,Social Media,1,93,0,34.98627931997334,2024-05-17
139,Ads,11,76,0,23.100442121537316,2024-05-18
140,Email,3,66,0,30.62408201625478,2024-05-19
141,Email,15,96,0,10.814306167596929,2024-05-20
142,Ads,12,32,1,9.749750590328617,2024-05-21
143,Email,2,71,0,33.552529711598964,2024-05-22
144,Email,2,12,1,9.994302033047681,2024-05-23
145,Ads,11,62,1,32.53234050125934,2024-05-24
146,Email,9,5,0,29.88608957245745,2024-05-25
147,Ads,10,87,1,48.20636944595398,2024-05-26
148,Social Media,11,30,0,27.780366713356248,2024-05-27
149,Email,17,42,0,44.21276831767056,2024-05-28
150,Email,16,77,0,18.82520516479018,2024-05-29
151,Social Media,17,23,1,38.79564058683845,2024-05-30
152,Social Media,10,3,0,35.66640836130483,2024-05-31
153,Ads,5,97,0,39.17993140014755,2024-06-01
154,Email,13,23,1,14.410561003835788,2024-06-02
155,Social Media,19,6,0,37.97255550433212,2024-06-03
156,Social Media,5,38,0,46.55261240937965,2024-06-04
157,Email,12,38,1,43.74061197467392,2024-06-05
158,Email,12,33,1,39.07861655186013,2024-06-06
159,Email,13,62,1,44.38713291849009,2024-06-07
160,Email,5,59,1,44.08735869412046,2024-06-08
161,Social Media,11,50,1,8.218744484797078,2024-06-09
162,Email,6,64,1,44.16212067941312,2024-06-10
163,Ads,15,64,1,43.423952561893394,2024-06-11
164,Email,7,58,1,43.96898608741666,2024-06-12
165,Social Media,15,72,0,7.773552098074454,2024-06-13
166,Ads,15,83,0,37.98089396652516,2024-06-14
167,Email,17,53,0,41.64471191832207,2024-06-15
168,Ads,7,9,0,18.46264048928765,2024-06-16
169,Social Media,2,71,0,48.89579161669282,2024-06-17
170,Email,11,99,0,47.80622004585978,2024-06-18
171,Email,4,17,1,43.50004992217076,2024-06-19
172,Social Media,10,48,0,41.80709550516465,2024-06-20
173,Social Media,9,8,1,38.3337088964866,2024-06-21
174,Social Media,17,30,0,33.54898919692101,2024-06-22
175,Email,6,7,0,5.523641250435405,2024-06-23
176,Email,17,64,1,27.49252673318032,2024-06-24
177,Email,12,41,1,23.971456104358648,2024-06-25
178,Ads,6,7,1,33.76689005971954,2024-06-26
179,Ads,15,63,1,11.278024371854311,2024-06-27
180,Social Media,15,99,0,10.283152774132496,2024-06-28
181,Social Media,14,13,1,32.34239235354784,2024-06-29
182,Ads,10,88,1,15.062497536885902,2024-06-30
183,Social Media,13,89,1,43.178713016699895,2024-07-01
184,Social Media,9,62,0,24.276359221035506,2024-07-02
185,Ads,1,41,1,44.75149986402896,2024-07-03
186,Ads,10,16,1,48.618406224081866,2024-07-04
187,Email,11,43,1,10.147302925846986,2024-07-05
188,Email,19,97,1,21.605918443341835,2024-07-06
189,Ads,12,60,1,49.43053013609298,2024-07-07
190,Ads,18,41,0,22.33645399277802,2024-07-08
191,Ads,11,32,1,47.045732106891236,2024-07-09
192,Email,18,56,0,47.95838759664825,2024-07-10
193,Social Media,3,63,1,42.89861280885921,2024-07-11
194,Social Media,3,86,1,34.43956148047742,2024-07-12
195,Ads,17,2,1,29.186378960614658,2024-07-13
196,Ads,20,99,0,25.807363708545367,2024-07-14
197,Ads,20,31,0,15.042235670691417,2024-07-15
198,Social Media,19,31,0,25.87899483645232,2024-07-16
199,Email,7,59,1,9.256901655163256,2024-07-17
200,Social Media,11,88,1,18.09712649641728,2024-07-18
201,Social Media,17,30,1,11.317588729336869,2024-07-19
202,Ads,12,48,1,14.413573831481777,2024-07-20
203,Ads,9,19,0,16.603047956992093,2024-07-21
204,Ads,16,88,0,49.16428154897354,2024-07-22
205,Email,7,57,1,13.516098129995434,2024-07-23
206,Email,7,50,0,12.548864409532207,2024-07-24
207,Ads,17,22,0,26.639894963750304,2024-07-25
208,Social Media,5,33,1,19.501901320740632,2024-07-26
209,Ads,15,49,1,48.29097452912999,2024-07-27
210,Email,17,55,1,36.35500310694274,2024-07-28
211,Social Media,10,98,1,9.294088100347995,2024-07-29
212,Social Media,18,96,0,33.21497242575322,2024-07-30
213,Email,16,49,0,34.67227826273789,2024-07-31
214,Social Media,18,72,1,46.29262715890502,2024-08-01
215,Ads,18,6,1,28.528721750418427,2024-08-02
216,Social Media,20,98,0,5.464657113271923,2024-08-03
217,Ads,3,61,0,5.373557086093726,2024-08-04
218,Social Media,3,36,1,21.565853717172125,2024-08-05
219,Social Media,10,7,1,35.74769385025565,2024-08-06
220,Social Media,6,75,0,44.60503195670868,2024-08-07
221,Social Media,12,88,0,38.399497068166596,2024-08-08
222,Social Media,12,68,0,10.65132733540771,2024-08-09
223,Social Media,8,82,0,42.37083507805575,2024-08-10
224,Social Media,16,95,1,48.32320834855224,2024-08-11
225,Ads,5,8,0,36.142163966516364,2024-08-12
226,Social Media,5,72,1,36.61241080486528,2024-08-13
227,Email,9,37,1,45.27745825606134,2024-08-14
228,Ads,8,54,0,40.39121751057957,2024-08-15
229,Social Media,19,94,1,19.65655813247144,2024-08-16
230,Social Media,14,16,1,31.284652488351732,2024-08-17
231,Ads,17,58,0,43.86576872625202,2024-08-18
232,Ads,12,13,1,38.69298126161311,2024-08-19
233,Ads,15,31,1,42.89842825465475,2024-08-20
234,Email,8,82,1,6.302317158804051,2024-08-21
235,Ads,9,61,0,48.55271643509335,2024-08-22
236,Social Media,11,40,1,47.25833950311782,2024-08-23
237,Ads,7,51,1,33.448123733689584,2024-08-24
238,Social Media,5,36,1,48.57480950250964,2024-08-25
239,Ads,13,20,0,17.123821422753053,2024-08-26
240,Social Media,4,4,0,23.900434772795403,2024-08-27
241,Email,13,84,1,31.243562079700943,2024-08-28
242,Ads,20,64,1,8.017593139268582,2024-08-29
243,Ads,7,51,1,9.3995790701618,2024-08-30
244,Ads,6,44,1,32.481313293745814,2024-08-31
245,Social Media,6,89,0,27.883801873665604,2024-09-01
246,Ads,17,99,1,12.982953244834327,2024-09-02
247,Ads,11,43,0,18.88929703630412,2024-09-03
248,Social Media,6,39,0,13.039893888029418,2024-09-04
249,Social Media,3,76,0,41.567545201611324,2024-09-05
250,Email,20,12,1,18.648234605148822,2024-09-06
251,Ads,14,38,1,7.522268195031349,2024-09-07
252,Ads,5,66,0,20.37401131554919,2024-09-08
253,Email,11,52,1,28.80246294786444,2024-09-09
254,Social Media,5,77,0,11.943855187901436,2024-09-10
255,Ads,16,56,0,40.826370010821456,2024-09-11
256,Email,1,37,1,7.857896264460855,2024-09-12
257,Email,1,4,0,31.199855078424875,2024-09-13
258,Social Media,20,62,1,19.630366611827856,2024-09-14
259,Email,1,70,1,46.183534815530834,2024-09-15
260,Email,6,44,1,18.090804125992427,2024-09-16
261,Ads,6,37,1,48.1903830535866,2024-09-17
262,Social Media,12,62,0,24.21389422066086,2024-09-18
263,Social Media,20,3,1,10.941673607672154,2024-09-19
264,Email,16,29,1,18.156200947588538,2024-09-20
265,Social Media,5,21,0,35.25576553707925,2024-09-21
266,Email,1,72,0,45.86271420817696,2024-09-22
267,Ads,11,44,0,5.258485443834552,2024-09-23
268,Ads,2,79,0,36.91587149649692,2024-09-24
269,Ads,14,38,1,40.808859577483894,2024-09-25
270,Social Media,3,57,0,19.95085443977205,2024-09-26
271,Email,3,77,0,34.240664467981716,2024-09-27
272,Email,20,35,0,6.154132033476588,2024-09-28
273,Social Media,16,26,0,23.812795940830725,2024-09-29
274,Ads,12,31,1,23.87198384434444,2024-09-30
275,Social Media,13,91,1,40.19177171235173,2024-10-01
276,Ads,1,83,1,47.56243563580465,2024-10-02
277,Social Media,3,10,0,6.824382529333004,2024-10-03
278,Ads,17,36,0,12.719473932056214,2024-10-04
279,Social Media,9,50,0,6.381287040301666,2024-10-05
280,Social Media,13,17,1,43.22245603396178,2024-10-06
281,Social Media,5,67,0,49.665331804095565,2024-10-07
282,Email,9,15,1,49.57785121643451,2024-10-08
283,Ads,15,19,0,28.603325999822584,2024-10-09
284,Email,11,35,1,31.85920872507399,2024-10-10
285,Ads,17,44,1,40.62610032864311,2024-10-11
286,Ads,19,6,1,19.396524012581008,2024-10-12
287,Email,7,6,1,19.617002587156612,2024-10-13
288,Email,11,20,0,15.009841730685446,2024-10-14
289,Ads,8,24,0,19.407157878914823,2024-10-15
290,Social Media,11,91,1,7.53231431434786,2024-10-16
291,Ads,8,35,0,28.96926452826098,2024-10-17
292,Social Media,9,25,0,34.89845676005707,2024-10-18
293,Ads,10,64,0,10.572745504840848,2024-10-19
294,Ads,16,61,0,47.30870081781554,2024-10-20
295,Email,2,10,1,24.26369043405753,2024-10-21
296,Social Media,12,32,1,29.45382384718871,2024-10-22
297,Social Media,19,63,1,29.949163060421537,2024-10-23
298,Email,14,20,0,13.113810317598094,2024-10-24
299,Social Media,14,62,1,33.70798637489499,2024-10-25
300,Ads,19,43,0,42.19021009288083,2024-10-26
301,Email,1,53,0,7.722594781470427,2024-10-27
302,Ads,7,10,0,42.5274062015048,2024-10-28
303,Ads,1,2,0,20.32410608116367,2024-10-29
304,Email,2,78,0,15.045686323538115,2024-10-30
305,Social Media,17,33,0,14.006721224852258,2024-10-31
306,Ads,1,36,1,22.473653741782034,2024-11-01
307,Ads,9,70,0,37.87225376542545,2024-11-02
308,Social Media,16,53,1,23.482435408325735,2024-11-03
309,Social Media,13,95,0,17.37061556784679,2024-11-04
310,Social Media,13,62,1,29.058283215043403,2024-11-05
311,Email,15,33,0,34.59434780264883,2024-11-06
312,Ads,2,82,0,35.831231743606565,2024-11-07
313,Ads,1,25,0,25.58563578846909,2024-11-08
314,Ads,14,86,0,13.381867341365624,2024-11-09
315,Social Media,2,31,1,14.10705240369093,2024-11-10
316,Email,11,36,1,28.512989249769216,2024-11-11
317,Ads,11,10,1,37.72052350568283,2024-11-12
318,Ads,14,4,1,17.721389757126367,2024-11-13
319,Email,4,87,1,24.587632449929153,2024-11-14
320,Ads,15,56,1,33.7449130633517,2024-11-15
321,Ads,14,36,0,27.269138436469397,2024-11-16
322,Social Media,4,78,0,45.749380102793324,2024-11-17
323,Social Media,5,41,0,33.484745538330024,2024-11-18
324,Email,6,24,0,11.429911790336305,2024-11-19
325,Email,4,41,1,17.915279334471272,2024-11-20
326,Email,11,12,0,35.671405177344866,2024-11-21
327,Social Media,15,27,1,44.27902796534319,2024-11-22
328,Social Media,4,69,0,46.775943466600744,2024-11-23
329,Social Media,3,21,0,9.136746347677029,2024-11-24
330,Email,18,30,0,45.184650831617446,2024-11-25
331,Email,11,91,0,13.42141165974967,2024-11-26
332,Ads,4,89,0,17.27457984296563,2024-11-27
333,Email,5,90,1,39.95165725853735,2024-11-28
334,Social Media,1,4,1,24.095790206588195,2024-11-29
335,Ads,14,33,1,45.27820850681067,2024-11-30
336,Email,17,95,0,47.162874791998526,2024-12-01
337,Email,11,16,1,33.19365796564587,2024-12-02
338,Email,9,30,0,19.477609249069882,2024-12-03
339,Ads,6,73,0,8.727090686185328,2024-12-04
340,Social Media,11,22,0,40.34937856354918,2024-12-05
341,Social Media,17,56,1,40.02339119291904,2024-12-06
342,Email,2,84,0,38.32758761647284,2024-12-07
343,Email,19,40,1,33.32312722891014,2024-12-08
344,Social Media,2,44,0,27.484485351641737,2024-12-09
345,Social Media,2,69,0,12.907270843353261,2024-12-10
346,Social Media,12,95,1,5.270639750643785,2024-12-11
347,Email,15,31,1,32.32859641845343,2024-12-12
348,Email,20,70,1,14.725945886231491,2024-12-13
349,Email,1,78,0,42.94670317926052,2024-12-14
350,Ads,7,45,0,30.471834553378468,2024-12-15
351,Social Media,3,50,1,37.17968417313629,2024-12-16
352,Ads,19,46,1,27.966591796887254,2024-12-17
353,Email,2,7,1,40.275882967535104,2024-12-18
354,Email,17,98,0,49.35427424500268,2024-12-19
355,Email,6,36,1,33.87312283822836,2024-12-20
356,Social Media,9,28,1,26.062914945554652,2024-12-21
357,Ads,19,79,1,18.961633612465395,2024-12-22
358,Email,19,69,1,5.873302897868326,2024-12-23
359,Ads,11,6,1,15.55920997535209,2024-12-24
360,Ads,17,34,0,48.409719521277495,2024-12-25
361,Ads,18,36,1,33.082008904379194,2024-12-26
362,Email,20,49,1,39.89544218677729,2024-12-27
363,Ads,11,84,0,38.21437003338351,2024-12-28
364,Email,19,49,0,25.83868253005965,2024-12-29
365,Email,2,8,0,25.658041329470223,2024-12-30
366,Ads,10,72,0,27.341557951491556,2024-12-31
367,Social Media,16,31,0,17.390839881310335,2025-01-01
368,Email,13,75,0,20.29578537969119,2025-01-02
369,Email,7,12,0,23.25967827447417,2025-01-03
370,Email,15,62,1,14.730187657468539,2025-01-04
371,Email,18,86,1,37.12038901386946,2025-01-05
372,Ads,19,53,0,39.53628784370923,2025-01-06
373,Social Media,2,50,0,34.14067786545734,2025-01-07
374,Social Media,13,13,1,19.31179395676565,2025-01-08
375,Social Media,18,67,0,8.261330361951915,2025-01-09
376,Ads,9,90,1,18.42841223134848,2025-01-10
377,Ads,6,67,1,24.153609585087572,2025-01-11
378,Ads,5,64,1,43.65074825055142,2025-01-12
379,Social Media,18,97,1,48.147289518952185,2025-01-13
380,Ads,8,64,1,30.74949627218971,2025-01-14
381,Social Media,7,81,0,10.292254274617838,2025-01-15
382,Ads,20,84,1,25.471381916949408,2025-01-16
383,Ads,1,44,0,40.963900828955815,2025-01-17
384,Ads,3,77,0,40.916557143783955,2025-01-18
385,Social Media,20,21,0,31.10120621184428,2025-01-19
386,Ads,5,19,1,17.580008838555166,2025-01-20
387,Social Media,5,69,1,42.12872077135492,2025-01-21
388,Ads,19,25,1,38.74776152163316,2025-01-22
389,Social Media,11,44,1,14.131433815950215,2025-01-23
390,Ads,18,56,0,20.193686070062505,2025-01-24
391,Social Media,3,5,1,45.854936109913474,2025-01-25
392,Ads,10,92,1,28.68460026985354,2025-01-26
393,Ads,15,11,1,17.06042054218748,2025-01-27
394,Ads,18,27,0,47.95621003193916,2025-01-28
395,Email,17,81,0,20.398610675449206,2025-01-29
396,Ads,12,31,1,48.92809681827681,2025-01-30
397,Email,2,61,1,34.02470903202456,2025-01-31
398,Email,10,63,1,11.280178205816767,2025-02-01
399,Ads,6,90,0,21.14427871152822,2025-02-02
400,Ads,13,84,0,29.037268884119285,2025-02-03
401,Email,18,58,1,41.84693717855647,2025-02-04
402,Email,11,63,1,42.00682691552743,2025-02-05
403,Social Media,9,26,1,21.84393072427412,2025-02-06
404,Email,12,93,0,15.209773035081017,2025-02-07
405,Ads,13,89,0,22.58837005228307,2025-02-08
406,Social Media,19,78,1,11.412679901466461,2025-02-09
407,Social Media,7,14,1,32.45522950299659,2025-02-10
408,Ads,12,16,0,21.346839684396347,2025-02-11
409,Email,20,78,1,7.326055320972023,2025-02-12
410,Email,18,66,1,25.492642365947198,2025-02-13
411,Social Media,3,45,1,18.855711203180775,2025-02-14
412,Social Media,5,78,1,24.637488815411977,2025-02-15
413,Email,18,47,1,30.738291670753238,2025-02-16
414,Ads,15,72,1,11.7157226188482,2025-02-17
415,Ads,20,81,0,6.385795870098595,2025-02-18
416,Social Media,6,64,0,41.92962201407136,2025-02-19
417,Ads,18,96,1,34.22716716185939,2025-02-20
418,Ads,11,34,0,33.40954445647544,2025-02-21
419,Ads,2,47,1,28.170164966835035,2025-02-22
420,Ads,7,85,1,32.28676998906329,2025-02-23
421,Ads,18,98,1,13.907834281600508,2025-02-24
422,Email,15,95,0,28.637228900781274,2025-02-25
423,Ads,1,20,0,34.6884990462043,2025-02-26
424,Ads,11,64,0,27.139443523319706,2025-02-27
425,Ads,3,29,0,18.38824239478288,2025-02-28
426,Social Media,7,2,1,25.102958160497792,2025-03-01
427,Social Media,8,61,0,31.674206360146577,2025-03-02
428,Ads,18,65,1,43.297860668641256,2025-03-03
429,Ads,1,7,1,25.614812648632586,2025-03-04
430,Social Media,8,30,1,15.374056806217716,2025-03-05
431,Email,14,85,1,28.706938214401312,2025-03-06
432,Social Media,19,67,0,8.241033316518912,2025-03-07
433,Ads,13,11,1,14.264371226130834,2025-03-08
434,Email,19,7,1,8.818216956718553,2025-03-09
435,Email,8,4,1,42.2250174982948,2025-03-10
436,Email,1,36,0,6.219563022249894,2025-03-11
437,Social Media,19,80,0,33.95525532643264,2025-03-12
438,Email,5,89,1,8.395057580097149,2025-03-13
439,Email,19,70,0,21.506344747931017,2025-03-14
440,Ads,18,15,0,29.79314644319029,2025-03-15
441,Ads,8,22,0,28.592235231122427,2025-03-16
442,Ads,5,19,1,31.662814862095402,2025-03-17
443,Email,2,51,0,20.410488674522135,2025-03-18
444,Email,15,52,1,5.605225647642068,2025-03-19
445,Ads,10,99,0,38.73037508235812,2025-03-20
446,Email,9,29,0,46.62212470345244,2025-03-21
447,Social Media,14,83,1,8.307360147457263,2025-03-22
448,Ads,4,87,1,17.14165224518777,2025-03-23
449,Ads,8,55,0,47.38197731664114,2025-03-24
450,Social Media,1,61,1,14.93984685288792,2025-03-25
451,Ads,12,49,1,12.49510859369693,2025-03-26
452,Ads,10,66,1,44.20801814467692,2025-03-27
453,Email,16,81,1,34.09571871533457,2025-03-28
454,Email,17,18,1,5.272622415174599,2025-03-29
455,Social Media,3,95,1,21.47859464947071,2025-03-30
456,Ads,2,95,0,15.694746199790687,2025-03-31
457,Ads,1,70,0,29.299136093857754,2025-04-01
458,Email,18,28,1,20.06333484956064,2025-04-02
459,Social Media,11,21,0,9.806335026487877,2025-04-03
460,Ads,12,7,0,25.098199172553457,2025-04-04
461,Social Media,13,35,1,17.788954309420433,2025-04-05
462,Ads,7,74,0,18.87778462923281,2025-04-06
463,Email,11,63,1,8.103268418257025,2025-04-07
464,Social Media,1,36,1,9.026768650982115,2025-04-08
465,Email,16,20,0,29.929907063760528,2025-04-09
466,Social Media,6,29,0,7.989407905835321,2025-04-10
467,Ads,3,88,0,18.174359258089055,2025-04-11
468,Social Media,7,31,0,46.52551611793658,2025-04-12
469,Social Media,20,10,1,6.620974190340933,2025-04-13
470,Social Media,17,15,1,32.794209050483985,2025-04-14
471,Social Media,9,3,1,45.27148727952436,2025-04-15
472,Ads,16,97,0,18.669257108433357,2025-04-16
473,Ads,16,34,0,36.16205535717171,2025-04-17
474,Social Media,11,61,0,39.88853602505942,2025-04-18
475,Email,6,23,0,40.06498292960933,2025-04-19
476,Ads,7,3,0,25.211341836613443,2025-04-20
477,Email,13,33,0,13.28682718929684,2025-04-21
478,Social Media,1,20,0,15.127449650397168,2025-04-22
479,Social Media,13,49,0,17.28473885727965,2025-04-23
480,Email,9,46,1,23.59906065672183,2025-04-24
481,Ads,6,33,0,17.925412123184156,2025-04-25
482,Email,17,77,0,33.65886853458687,2025-04-26
483,Email,13,54,1,19.884804589603483,2025-04-27
484,Social Media,2,66,1,17.624993741309098,2025-04-28
485,Social Media,19,23,0,13.979053195323287,2025-04-29
486,Social Media,9,36,0,19.773021553263558,2025-04-30
487,Email,11,13,1,18.82006955321712,2025-05-01
488,Ads,15,76,1,16.689291116289027,2025-05-02
489,Social Media,10,40,0,14.968952037784756,2025-05-03
490,Social Media,4,4,0,10.763242218293968,2025-05-04
491,Email,16,92,1,46.22528553608438,2025-05-05
492,Email,17,38,0,44.79717708603404,2025-05-06
493,Social Media,1,47,1,39.50330112396702,2025-05-07
494,Social Media,10,32,1,37.17924856207323,2025-05-08
495,Ads,17,63,1,47.83993901636424,2025-05-09
496,Email,18,27,0,47.70798329080407,2025-05-10
497,Email,11,55,0,33.68419072441684,2025-05-11
498,Social Media,6,83,0,48.61840033664983,2025-05-12
499,Ads,1,79,0,47.647365632088416,2025-05-13
500,Ads,7,93,1,47.684503323505595,2025-05-14
501,Email,14,4,1,8.445574148114419,2025-05-15
502,Social Media,1,83,0,16.670207499871943,2025-05-16
503,Ads,2,34,0,32.0350746182836,2025-05-17
504,Email,16,9,0,41.976636506520144,2025-05-18
505,Email,15,14,0,15.23181188588491,2025-05-19
506,Ads,19,87,0,6.475729971160709,2025-05-20
507,Social Media,6,73,0,37.186433879002564,2025-05-21
508,Social Media,3,72,0,45.49554868621477,2025-05-22
509,Email,8,54,0,13.996477128134078,2025-05-23
510,Social Media,7,21,1,30.68389824414834,2025-05-24
511,Email,20,51,1,7.8712537926618795,2025-05-25
512,Email,18,11,1,8.073070808229803,2025-05-26
513,Social Media,9,2,0,18.685390692043576,2025-05-27
514,Email,9,62,0,39.39999717414106,2025-05-28
515,Social Media,6,93,0,7.1198586397965915,2025-05-29
516,Social Media,13,29,1,45.2260241095523,2025-05-30
517,Email,12,1,1,44.95906025615004,2025-05-31
518,Ads,11,28,1,35.98074380358735,2025-06-01
519,Email,3,25,1,46.483918182963045,2025-06-02
520,Social Media,10,94,0,9.77549559698376,2025-06-03
521,Ads,2,86,0,40.17523794823652,2025-06-04
522,Email,15,7,1,27.85430753061366,2025-06-05
523,Social Media,8,48,0,25.18255701993575,2025-06-06
524,Social Media,6,34,0,17.62487183553955,2025-06-07
525,Social Media,3,15,1,40.82564329238136,2025-06-08
526,Social Media,16,33,1,34.45286268449389,2025-06-09
527,Social Media,10,56,1,22.357090130841005,2025-06-10
528,Ads,17,86,0,36.75399981901265,2025-06-11
529,Email,10,48,0,34.3264352207367,2025-06-12
530,Social Media,10,78,1,34.405779532781125,2025-06-13
531,Email,15,79,1,9.044633135944633,2025-06-14
532,Email,12,44,0,14.962170784033631,2025-06-15
533,Email,14,51,1,16.75180766453106,2025-06-16
534,Ads,20,62,1,40.323388870957515,2025-06-17
535,Ads,7,25,0,28.395573861431927,2025-06-18
536,Social Media,12,42,0,10.404051952475253,2025-06-19
537,Ads,13,27,0,16.105907665471033,2025-06-20
538,Social Media,14,62,0,24.788733300282846,2025-06-21
539,Email,17,99,0,36.80551697108284,2025-06-22
540,Ads,6,71,1,25.17081558536291,2025-06-23
541,Social Media,6,56,1,26.98214178772016,2025-06-24
542,Social Media,19,94,1,34.07337337284335,2025-06-25
543,Social Media,17,33,1,34.19123070466491,2025-06-26
544,Ads,8,74,1,33.99286900782902,2025-06-27
545,Ads,20,51,0,45.884017939773,2025-06-28
546,Ads,18,86,1,20.646143784444572,2025-06-29
547,Social Media,17,14,1,7.331390540354974,2025-06-30
548,Ads,8,62,1,42.7559704368403,2025-07-01
549,Social Media,11,88,1,16.338479219468244,2025-07-02
550,Email,16,56,0,21.09447825048509,2025-07-03
551,Ads,10,62,1,15.062558226764564,2025-07-04
552,Ads,13,80,1,49.861159343544564,2025-07-05
553,Social Media,13,71,1,18.549892406475728,2025-07-06
554,Social Media,19,26,1,10.627969091578173,2025-07-07
555,Email,5,5,1,30.20203535740075,2025-07-08
556,Social Media,1,49,0,17.77278371606291,2025-07-09
557,Ads,19,72,0,48.53464535278646,2025-07-10
558,Ads,9,17,1,28.79242203002346,2025-07-11
559,Social Media,11,55,1,5.223076730407804,2025-07-12
560,Email,11,9,0,44.65240243490836,2025-07-13
561,Social Media,14,20,0,9.19062095058256,2025-07-14
562,Social Media,14,14,1,30.19890499916992,2025-07-15
563,Email,3,53,1,41.97437243283555,2025-07-16
564,Ads,2,21,1,32.86421235171041,2025-07-17
565,Social Media,20,58,0,44.36592695709359,2025-07-18
566,Social Media,10,52,1,9.16056156841405,2025-07-19
567,Social Media,13,45,1,40.891389010280456,2025-07-20
568,Ads,8,75,1,29.972730957038074,2025-07-21
569,Social Media,20,60,0,48.57296122034385,2025-07-22
570,Social Media,2,78,1,26.68606273535837,2025-07-23
571,Social Media,20,91,1,47.955469389014446,2025-07-24
572,Ads,6,70,1,28.702858177243336,2025-07-25
573,Ads,9,27,0,8.139319140830853,2025-07-26
574,Ads,7,97,0,46.41545194828616,2025-07-27
575,Email,16,82,0,19.83304434929272,2025-07-28
576,Email,11,45,1,17.751055369788215,2025-07-29
577,Email,12,78,0,29.773310759064223,2025-07-30
578,Email,1,59,1,30.041363029000696,2025-07-31
579,Social Media,4,32,1,12.902742570186714,2025-08-01
580,Social Media,16,68,0,38.60097632477351,2025-08-02
581,Ads,16,28,1,36.027868758490065,2025-08-03
582,Ads,12,33,1,13.204959734971819,2025-08-04
583,Ads,12,60,0,36.47353294474688,2025-08-05
584,Ads,14,65,1,20.476399708344616,2025-08-06
585,Ads,1,6,0,34.9261151497031,2025-08-07
586,Social Media,17,73,1,19.292148645839827,2025-08-08
587,Social Media,20,65,1,44.743394500406026,2025-08-09
588,Ads,18,49,1,36.76807552321305,2025-08-10
589,Ads,13,27,0,49.55667486976897,2025-08-11
590,Email,3,8,0,10.072134415802374,2025-08-12
591,Social Media,17,21,1,25.645305157889425,2025-08-13
592,Ads,13,8,0,34.62434808080059,2025-08-14
593,Social Media,1,55,0,10.940305416753144,2025-08-15
594,Social Media,6,38,0,10.198758356519331,2025-08-16
595,Ads,3,77,1,16.02896119771149,2025-08-17
596,Email,17,32,0,18.09236984533997,2025-08-18
597,Email,13,37,0,18.1866702246674,2025-08-19
598,Email,20,75,0,41.820407740659036,2025-08-20
599,Email,15,47,0,32.74792719932049,2025-08-21
600,Ads,8,23,0,27.859366605735314,2025-08-22
601,Ads,19,98,1,22.206214046750905,2025-08-23
602,Ads,17,35,1,29.686937444402194,2025-08-24
603,Ads,13,89,0,23.520121309002075,2025-08-25
604,Social Media,13,84,0,47.903487535306844,2025-08-26
605,Email,9,41,1,49.71573553295356,2025-08-27
606,Email,17,24,0,26.068231050185734,2025-08-28
607,Email,9,55,1,46.230660676891375,2025-08-29
608,Ads,13,15,0,42.73641393052224,2025-08-30
609,Email,15,48,0,34.96738225468171,2025-08-31
610,Email,18,80,0,13.921228879562388,2025-09-01
611,Email,3,11,0,37.54543220154498,2025-09-02
612,Email,13,32,1,26.81976782019648,2025-09-03
613,Social Media,3,70,1,25.254823677297253,2025-09-04
614,Social Media,3,51,1,39.672563207385906,2025-09-05
615,Social Media,17,44,1,28.93442812351103,2025-09-06
616,Email,20,14,0,19.60327436260429,2025-09-07
617,Social Media,2,72,0,39.58504385373369,2025-09-08
618,Email,10,31,0,40.33426283700836,2025-09-09
619,Ads,16,35,0,40.81369698807863,2025-09-10
620,Email,3,61,0,26.445867150479206,2025-09-11
621,Social Media,18,56,1,30.325683930704457,2025-09-12
622,Social Media,16,25,0,28.28366127518846,2025-09-13
623,Social Media,18,20,0,46.32306354779088,2025-09-14
624,Ads,14,87,0,14.514344615462395,2025-09-15
625,Social Media,12,44,1,24.22666462470995,2025-09-16
626,Email,11,90,0,5.463589153466563,2025-09-17
627,Ads,11,21,1,41.46052731664248,2025-09-18
628,Ads,12,68,1,36.05791606893564,2025-09-19
629,Social Media,13,97,0,33.445118716034536,2025-09-20
630,Ads,2,19,1,38.909315367714335,2025-09-21
631,Email,13,43,1,32.94535902791816,2025-09-22
632,Social Media,16,19,0,29.08538723518636,2025-09-23
633,Social Media,16,5,0,20.79552962771895,2025-09-24
634,Ads,10,18,0,40.443786583079564,2025-09-25
635,Ads,8,22,1,21.808520492694583,2025-09-26
636,Social Media,16,31,0,26.00811876336059,2025-09-27
637,Ads,2,55,0,43.65261052081053,2025-09-28
638,Social Media,14,64,1,19.206624752909093,2025-09-29
639,Social Media,10,14,0,32.44991123733003,2025-09-30
640,Ads,2,89,0,40.47605738823034,2025-10-01
641,Social Media,19,52,0,44.175049814247586,2025-10-02
642,Social Media,4,49,1,37.12157729662889,2025-10-03
643,Ads,4,62,0,32.24194618549451,2025-10-04
644,Ads,6,33,0,8.0742274990602,2025-10-05
645,Ads,14,25,1,15.986324964217815,2025-10-06
646,Email,15,32,1,32.83631807218924,2025-10-07
647,Email,4,11,0,38.21088304313862,2025-10-08
648,Ads,5,91,1,25.349461274009073,2025-10-09
649,Social Media,11,98,0,25.94916017563009,2025-10-10
650,Ads,18,46,0,7.633084521574852,2025-10-11
651,Email,13,3,0,29.112060273233002,2025-10-12
652,Email,15,46,1,25.935617537334604,2025-10-13
653,Email,15,43,1,29.636515527283343,2025-10-14
654,Social Media,7,80,1,11.71490404816295,2025-10-15
655,Ads,19,25,0,48.30155831285858,2025-10-16
656,Social Media,19,95,1,35.01751365426561,2025-10-17
657,Social Media,10,37,0,18.556905907395862,2025-10-18
658,Social Media,16,28,0,32.09298304707959,2025-10-19
659,Email,9,27,1,14.388567100204439,2025-10-20
660,Social Media,9,55,1,9.864618410862075,2025-10-21
661,Ads,1,3,0,36.03568594670979,2025-10-22
662,Ads,18,25,1,46.30615467222508,2025-10-23
663,Social Media,15,20,0,37.8602943475685,2025-10-24
664,Ads,13,63,0,28.270587647996138,2025-10-25
665,Ads,5,48,0,47.05133271320095,2025-10-26
666,Email,17,44,1,8.476167328729307,2025-10-27
667,Email,11,66,0,26.478562651950085,2025-10-28
668,Email,2,6,1,27.919400949415287,2025-10-29
669,Ads,12,72,0,38.62472925242586,2025-10-30
670,Email,5,58,1,5.115284347099435,2025-10-31
671,Email,3,7,0,23.505244784921416,2025-11-01
672,Email,14,63,1,33.21333710990838,2025-11-02
673,Ads,4,78,1,17.971884632467084,2025-11-03
674,Social Media,16,70,1,28.3759131609455,2025-11-04
675,Social Media,2,31,0,23.275753827130128,2025-11-05
676,Email,12,92,0,7.684769553493142,2025-11-06
677,Ads,8,63,0,37.65257783261646,2025-11-07
678,Ads,20,14,0,17.781703039693326,2025-11-08
679,Social Media,7,77,1,29.198121609008876,2025-11-09
680,Email,17,43,0,39.61656498440721,2025-11-10
681,Ads,1,90,1,6.1053687162182575,2025-11-11
682,Ads,12,23,0,44.78289961002711,2025-11-12
683,Email,12,9,0,19.99765299934281,2025-11-13
684,Email,7,6,0,39.28074658458421,2025-11-14
685,Ads,2,34,1,47.87356657698482,2025-11-15
686,Social Media,3,91,1,28.487337816122565,2025-11-16
687,Ads,17,77,1,34.685841171340414,2025-11-17
688,Social Media,6,68,1,46.40049936133384,2025-11-18
689,Email,7,33,1,48.874555736633766,2025-11-19
690,Email,4,86,1,18.599344534402867,2025-11-20
691,Social Media,3,73,1,38.11780339801238,2025-11-21
692,Social Media,4,55,0,19.220462622455464,2025-11-22
693,Email,3,65,0,30.39304523050559,2025-11-23
694,Ads,8,95,0,45.80296732883133,2025-11-24
695,Social Media,2,23,1,26.97795016772715,2025-11-25
696,Ads,2,53,0,34.25902084575766,2025-11-26
697,Ads,7,88,1,49.6717739673581,2025-11-27
698,Ads,18,63,1,35.737668515283204,2025-11-28
699,Social Media,12,78,0,7.13241469071674,2025-11-29
700,Social Media,20,95,1,13.850250684481049,2025-11-30
701,Email,3,53,0,8.811509765655929,2025-12-01
702,Social Media,15,39,0,8.178014017833476,2025-12-02
703,Email,19,62,0,5.379000336557587,2025-12-03
704,Email,11,70,1,43.85918169074736,2025-12-04
705,Social Media,14,76,1,23.765961316471632,2025-12-05
706,Email,5,29,0,16.10398988282769,2025-12-06
707,Email,7,84,0,29.28855652737109,2025-12-07
708,Ads,13,48,1,37.75212022866132,2025-12-08
709,Ads,11,93,1,43.59189260443157,2025-12-09
710,Social Media,13,97,1,6.83335152591455,2025-12-10
711,Ads,4,58,1,5.196299764249873,2025-12-11
712,Ads,17,62,1,9.496148996917482,2025-12-12
713,Ads,5,73,1,29.02440226017763,2025-12-13
714,Email,17,33,1,27.855650309856063,2025-12-14
715,Social Media,12,19,0,7.919080230072394,2025-12-15
716,Email,16,92,1,7.8809663737890885,2025-12-16
717,Social Media,2,70,1,9.946003954735271,2025-12-17
718,Social Media,12,45,1,41.48879836133204,2025-12-18
719,Ads,12,58,1,49.16434899383408,2025-12-19
720,Ads,19,18,1,13.397011620400242,2025-12-20
721,Social Media,4,94,1,34.35691792833249,2025-12-21
722,Email,9,2,0,33.290818164301484,2025-12-22
723,Ads,1,32,0,34.736669915248456,2025-12-23
724,Social Media,6,33,0,23.063240413836173,2025-12-24
725,Ads,16,59,1,43.691754993494214,2025-12-25
726,Ads,14,18,0,40.360361938918885,2025-12-26
727,Ads,15,91,1,41.59935316771999,2025-12-27
728,Social Media,9,92,0,39.92431176943138,2025-12-28
729,Email,9,71,0,14.929385009919494,2025-12-29
730,Social Media,10,42,0,24.277677594686043,2025-12-30
731,Email,13,97,1,19.54414502801002,2025-12-31
732,Social Media,15,73,1,49.19119443770693,2026-01-01
733,Social Media,20,29,1,38.488798885620476,2026-01-02
734,Ads,15,35,0,38.05669689685127,2026-01-03
735,Email,13,93,0,19.25102550921661,2026-01-04
736,Social Media,1,85,0,39.95225283506311,2026-01-05
737,Email,18,51,1,44.749415748136386,2026-01-06
738,Ads,5,32,0,15.136890126377903,2026-01-07
739,Social Media,8,27,1,32.5348529104396,2026-01-08
740,Social Media,13,10,0,30.23184972584591,2026-01-09
741,Social Media,3,20,0,16.518111080439652,2026-01-10
742,Social Media,1,12,0,6.277189276521074,2026-01-11
743,Social Media,6,3,1,45.18597315826163,2026-01-12
744,Social Media,8,32,0,33.35127084682818,2026-01-13
745,Social Media,7,32,0,45.5633018035495,2026-01-14
746,Social Media,1,75,0,30.235564157229188,2026-01-15
747,Email,16,47,0,42.511007455831084,2026-01-16
748,Email,2,71,0,21.856146038723388,2026-01-17
749,Email,19,35,1,21.67133904747571,2026-01-18
750,Email,5,26,0,22.071030625049602,2026-01-19
751,Ads,9,21,0,10.501526981732079,2026-01-20
752,Ads,19,72,1,32.21894056355305,2026-01-21
753,Email,12,70,1,17.853692498218884,2026-01-22
754,Ads,14,74,0,22.122332083312717,2026-01-23
755,Ads,10,68,1,47.984341998179254,2026-01-24
756,Social Media,20,16,0,36.725489903874546,2026-01-25
757,Email,6,50,1,9.278989402289437,2026-01-26
758,Ads,16,75,0,41.20799507127623,2026-01-27
759,Social Media,1,16,0,26.65233891183809,2026-01-28
760,Social Media,1,42,1,6.810019185067132,2026-01-29
761,Email,9,54,0,26.97865920699308,2026-01-30
762,Email,12,90,1,14.654600313463625,2026-01-31
763,Ads,3,87,1,46.11063165862184,2026-02-01
764,Social Media,16,71,0,44.19852731059026,2026-02-02
765,Ads,16,4,0,47.487792197468536,2026-02-03
766,Social Media,5,50,0,38.568600840057414,2026-02-04
767,Email,9,59,1,21.572865055687846,2026-02-05
768,Social Media,10,9,0,15.550580819562237,2026-02-06
769,Email,14,35,1,17.44281091814429,2026-02-07
770,Ads,12,75,0,10.182327735126364,2026-02-08
771,Social Media,15,56,0,19.554858632515305,2026-02-09
772,Social Media,6,21,0,34.79121484198943,2026-02-10
773,Social Media,6,24,1,38.113786774353095,2026-02-11
774,Email,13,84,0,14.37548302499845,2026-02-12
775,Ads,14,1,0,45.979012409621056,2026-02-13
776,Ads,12,78,1,7.394407564484387,2026-02-14
777,Social Media,12,97,0,39.36637407483557,2026-02-15
778,Email,5,83,0,44.56890730588155,2026-02-16
779,Social Media,3,34,1,36.87963110348342,2026-02-17
780,Email,16,25,0,34.833917635539336,2026-02-18
781,Email,10,16,0,14.213203177105704,2026-02-19
782,Email,4,73,0,25.498275294141823,2026-02-20
783,Ads,17,52,0,24.475927685704033,2026-02-21
784,Social Media,15,79,0,41.317734572636695,2026-02-22
785,Social Media,14,32,0,17.774336922583906,2026-02-23
786,Social Media,5,78,1,21.74302564684462,2026-02-24
787,Ads,6,8,0,6.811650951009174,2026-02-25
788,Email,6,97,1,17.012727400753956,2026-02-26
789,Email,3,17,0,13.156199791056109,2026-02-27
790,Ads,6,72,1,46.40675796068103,2026-02-28
791,Ads,20,74,0,48.102607948126334,2026-03-01
792,Social Media,10,65,1,30.750040929530687,2026-03-02
793,Social Media,12,5,1,46.44348776639138,2026-03-03
794,Ads,8,38,1,35.789444039283225,2026-03-04
795,Social Media,14,14,1,31.307786573186174,2026-03-05
796,Ads,13,9,1,11.031938072917782,2026-03-06
797,Email,6,13,0,21.063051388822235,2026-03-07
798,Ads,15,44,0,20.093646703809746,2026-03-08
799,Social Media,10,50,0,10.00471117500041,2026-03-09
800,Social Media,17,50,1,25.72962975208308,2026-03-10
801,Ads,5,42,0,14.135515991946244,2026-03-11
802,Ads,8,44,1,46.11860607069873,2026-03-12
803,Ads,7,61,1,36.52938162819427,2026-03-13
804,Ads,9,40,1,39.561268317455394,2026-03-14
805,Social Media,7,85,0,49.847118714993854,2026-03-15
806,Ads,9,73,0,13.383665942329014,2026-03-16
807,Email,11,43,0,31.87251262560697,2026-03-17
808,Social Media,12,84,1,20.005358505883372,2026-03-18
809,Ads,18,42,1,8.369119473388052,2026-03-19
810,Social Media,12,21,1,42.472625201928565,2026-03-20
811,Social Media,16,69,1,46.48645639834568,2026-03-21
812,Email,14,58,0,26.06563470186691,2026-03-22
813,Email,8,32,0,48.81846920788619,2026-03-23
814,Email,20,7,1,28.169432001423754,2026-03-24
815,Email,14,35,1,44.9783709373688,2026-03-25
816,Ads,19,80,1,33.10284797190671,2026-03-26
817,Social Media,9,20,0,5.699880698888885,2026-03-27
818,Social Media,20,82,0,47.88152658592651,2026-03-28
819,Ads,12,86,0,26.356609718216685,2026-03-29
820,Ads,4,7,1,34.28289829836429,2026-03-30
821,Email,2,37,0,41.86555857361191,2026-03-31
822,Ads,15,91,0,42.13899535699569,2026-04-01
823,Email,2,41,0,40.87484027945198,2026-04-02
824,Ads,12,63,0,48.87114837698413,2026-04-03
825,Email,17,53,0,38.88766285574117,2026-04-04
826,Email,13,29,1,23.182023075031417,2026-04-05
827,Email,4,61,1,21.78833194024167,2026-04-06
828,Ads,6,23,1,28.374758228993837,2026-04-07
829,Social Media,19,9,1,6.4992744349683935,2026-04-08
830,Email,4,48,0,45.13399556800011,2026-04-09
831,Social Media,10,74,0,34.14732521246923,2026-04-10
832,Email,4,9,0,43.91002088781633,2026-04-11
833,Social Media,18,20,1,44.55553696575718,2026-04-12
834,Email,9,15,0,20.114618469015376,2026-04-13
835,Social Media,7,51,0,24.87705085079447,2026-04-14
836,Email,20,11,0,29.787689395002236,2026-04-15
837,Ads,20,29,0,17.653357333842045,2026-04-16
838,Ads,11,50,1,15.570799882575226,2026-04-17
839,Ads,17,98,0,17.65228958639802,2026-04-18
840,Ads,2,74,0,16.46621398381666,2026-04-19
841,Email,7,96,0,16.529131700452908,2026-04-20
842,Ads,9,81,1,31.954567964349852,2026-04-21
843,Social Media,14,70,1,34.26922621895238,2026-04-22
844,Social Media,3,38,0,20.173515417753997,2026-04-23
845,Ads,19,16,1,15.190391108637977,2026-04-24
846,Ads,19,88,0,35.581052286301144,2026-04-25
847,Ads,15,11,1,36.294629223151404,2026-04-26
848,Social Media,18,80,0,26.399899668436927,2026-04-27
849,Ads,13,71,1,39.348540744696216,2026-04-28
850,Email,7,64,0,14.264514238550376,2026-04-29
851,Social Media,4,73,1,40.657766817647804,2026-04-30
852,Social Media,10,30,1,24.60460878476276,2026-05-01
853,Ads,16,81,0,33.353570718334794,2026-05-02
854,Ads,13,80,1,39.229417128700604,2026-05-03
855,Email,15,95,1,28.53198776616552,2026-05-04
856,Ads,9,81,1,25.666419464226873,2026-05-05
857,Email,12,43,1,47.262096571724356,2026-05-06
858,Ads,12,95,0,21.528466423355383,2026-05-07
859,Social Media,19,8,1,29.605736479732645,2026-05-08
860,Email,9,60,1,41.48259856606425,2026-05-09
861,Social Media,18,54,1,13.298613865019137,2026-05-10
862,Email,4,98,1,25.005259805098323,2026-05-11
863,Social Media,15,19,1,46.529243096336984,2026-05-12
864,Social Media,13,25,1,44.96279187450357,2026-05-13
865,Social Media,5,78,1,28.217364102417932,2026-05-14
866,Ads,13,19,0,10.12835507834314,2026-05-15
867,Ads,2,65,0,22.0972098970332,2026-05-16
868,Email,17,32,1,16.33828478928563,2026-05-17
869,Social Media,7,72,0,31.619162718374117,2026-05-18
870,Social Media,2,9,0,13.413277639058784,2026-05-19
871,Ads,17,9,0,19.832823048116456,2026-05-20
872,Email,4,24,1,9.979020031207277,2026-05-21
873,Email,2,22,0,19.773554701581755,2026-05-22
874,Social Media,14,79,1,12.480307755189555,2026-05-23
875,Social Media,5,76,1,15.71912441430004,2026-05-24
876,Ads,17,55,0,10.06522418444134,2026-05-25
877,Email,16,94,0,46.001612744006444,2026-05-26
878,Social Media,19,3,1,46.050310665658166,2026-05-27
879,Email,1,58,1,18.58935609371236,2026-05-28
880,Email,2,79,0,16.23379194936649,2026-05-29
881,Email,3,52,0,48.60386504397305,2026-05-30
882,Email,12,19,0,30.106928817563183,2026-05-31
883,Social Media,11,48,1,29.882726169811576,2026-06-01
884,Email,10,8,0,15.333859317603217,2026-06-02
885,Ads,2,90,0,12.6423315621632,2026-06-03
886,Ads,18,3,1,26.754321026759563,2026-06-04
887,Ads,13,24,1,30.02786420770259,2026-06-05
888,Email,10,34,0,43.65035963757673,2026-06-06
889,Ads,13,13,1,19.979465719693813,2026-06-07
890,Ads,4,64,1,19.993398716816664,2026-06-08
891,Email,19,64,1,40.782000033590755,2026-06-09
892,Ads,1,2,0,6.0795960489432765,2026-06-10
893,Social Media,13,49,1,41.584474595711555,2026-06-11
894,Ads,14,25,0,14.819061195362156,2026-06-12
895,Social Media,14,14,1,26.72860400456614,2026-06-13
896,Email,14,33,1,27.230621611581178,2026-06-14
897,Ads,16,8,1,44.495911625278985,2026-06-15
898,Email,6,6,0,26.25737440840448,2026-06-16
899,Email,3,30,0,23.94149853393055,2026-06-17
900,Ads,10,46,0,8.645104573942609,2026-06-18
901,Email,16,35,1,11.53485443604833,2026-06-19
902,Email,5,22,0,5.7428193507450915,2026-06-20
903,Ads,3,63,0,25.842213991802268,2026-06-21
904,Email,2,61,1,26.486378973965657,2026-06-22
905,Email,15,32,1,37.121187433713,2026-06-23
906,Social Media,5,23,0,24.49472464728728,2026-06-24
907,Ads,3,52,1,34.21242316254475,2026-06-25
908,Social Media,19,61,0,27.809615376810733,2026-06-26
909,Ads,12,42,1,15.4466195609228,2026-06-27
910,Ads,4,51,1,16.193252697006848,2026-06-28
911,Social Media,15,69,1,37.18018674358857,2026-06-29
912,Ads,12,77,1,41.67923583112897,2026-06-30
913,Ads,7,11,1,19.756785863953993,2026-07-01
914,Email,8,97,0,18.648885618649345,2026-07-02
915,Email,2,31,0,40.30044554964702,2026-07-03
916,Email,11,32,0,44.62000237012276,2026-07-04
917,Email,1,32,1,45.14314534786439,2026-07-05
918,Social Media,16,26,1,30.001197675040533,2026-07-06
919,Social Media,8,44,1,43.003861016804606,2026-07-07
920,Email,6,42,1,24.792228287338048,2026-07-08
921,Social Media,7,10,1,29.24601615598503,2026-07-09
922,Ads,13,29,1,17.39888989186015,2026-07-10
923,Social Media,5,71,0,45.53136418029555,2026-07-11
924,Ads,5,49,1,27.107469421658656,2026-07-12
925,Social Media,9,13,1,24.63265418205048,2026-07-13
926,Ads,15,41,0,17.84187814272798,2026-07-14
927,Ads,7,98,1,25.96947851117875,2026-07-15
928,Email,4,49,1,7.444712868954815,2026-07-16
929,Social Media,10,79,0,21.58140240198529,2026-07-17
930,Social Media,11,7,0,35.95895694335357,2026-07-18
931,Email,15,2,1,43.96499981740709,2026-07-19
932,Ads,5,98,1,7.338286573769478,2026-07-20
933,Email,5,50,0,16.8778048120951,2026-07-21
934,Social Media,16,90,0,6.439961978401667,2026-07-22
935,Social Media,4,1,1,33.339835654996804,2026-07-23
936,Social Media,17,4,1,43.425775137384136,2026-07-24
937,Social Media,2,28,0,41.5901675027032,2026-07-25
938,Social Media,4,69,0,13.79586042700452,2026-07-26
939,Email,20,83,1,24.084093299598422,2026-07-27
940,Ads,15,6,1,41.56316059024516,2026-07-28
941,Ads,15,19,1,8.25657494386565,2026-07-29
942,Social Media,9,12,1,17.621315843680588,2026-07-30
943,Social Media,5,79,0,13.673715150549528,2026-07-31
944,Email,19,32,0,29.02777711505719,2026-08-01
945,Ads,5,22,0,44.609708702317214,2026-08-02
946,Social Media,20,66,1,22.509911283116075,2026-08-03
947,Ads,6,14,0,12.17408398066219,2026-08-04
948,Email,3,56,1,41.44649313276552,2026-08-05
949,Email,15,69,0,40.78325947346247,2026-08-06
950,Email,3,2,1,16.656921415608153,2026-08-07
951,Social Media,16,14,0,49.01985485913686,2026-08-08
952,Ads,9,7,0,34.657638189638455,2026-08-09
953,Social Media,7,36,1,18.791202782606646,2026-08-10
954,Email,11,5,0,7.196892151039987,2026-08-11
955,Social Media,14,94,0,17.918553159890806,2026-08-12
956,Social Media,3,65,1,19.37985399105414,2026-08-13
957,Email,7,78,1,49.095551902962754,2026-08-14
958,Email,8,22,1,12.903753616441477,2026-08-15
959,Ads,12,72,0,35.44691961735607,2026-08-16
960,Ads,6,38,0,25.12806722815634,2026-08-17
961,Ads,10,60,0,5.3907136344890745,2026-08-18
962,Social Media,3,35,0,25.955826367984443,2026-08-19
963,Social Media,14,10,0,13.116039771092346,2026-08-20
964,Social Media,8,11,1,35.6211096211641,2026-08-21
965,Ads,9,85,1,30.651630181350203,2026-08-22
966,Ads,10,23,0,41.297095071031535,2026-08-23
967,Email,18,31,0,19.635988664633725,2026-08-24
968,Ads,4,96,1,24.496680895141616,2026-08-25
969,Social Media,13,72,0,41.90254723402529,2026-08-26
970,Social Media,6,5,1,41.40941144603373,2026-08-27
971,Email,4,33,0,25.00815579550943,2026-08-28
972,Email,14,90,1,28.320350620554645,2026-08-29
973,Email,12,21,1,8.970537619372553,2026-08-30
974,Social Media,18,57,1,16.05359402340435,2026-08-31
975,Ads,10,26,0,46.60168594775716,2026-09-01
976,Social Media,11,30,1,37.39887207130713,2026-09-02
977,Email,5,28,1,48.380371891213734,2026-09-03
978,Ads,3,61,1,38.838853924863834,2026-09-04
979,Social Media,19,5,0,33.73849078036239,2026-09-05
980,Social Media,19,29,0,30.110605714332287,2026-09-06
981,Social Media,3,18,0,42.627949192352744,2026-09-07
982,Ads,17,66,0,36.05923076159365,2026-09-08
983,Email,18,5,1,17.28346157133617,2026-09-09
984,Email,8,1,0,23.263005362999376,2026-09-10
985,Email,5,84,1,47.57043937247748,2026-09-11
986,Ads,7,37,0,48.84771874829652,2026-09-12
987,Email,11,90,0,7.255546236535788,2026-09-13
988,Ads,4,61,1,20.94800918776635,2026-09-14
989,Social Media,17,23,0,37.70623680321557,2026-09-15
990,Ads,6,4,1,17.759115530841306,2026-09-16
991,Social Media,4,21,0,36.36338444582651,2026-09-17
992,Ads,18,66,0,14.717798602771921,2026-09-18
993,Social Media,17,63,1,26.251759935397406,2026-09-19
994,Ads,1,47,1,37.99531615742352,2026-09-20
995,Ads,15,91,1,15.772361595119788,2026-09-21
996,Ads,9,90,0,6.317670307939984,2026-09-22
997,Social Media,7,82,0,34.33843311024748,2026-09-23
998,Social Media,17,94,1,15.499429933096371,2026-09-24
999,Social Media,3,10,0,26.5491952641919,2026-09-25
1000,Social Media,7,33,1,10.02264754368392,2026-09-26
